{"prediction":[28.98306818528387]}
{"prediction":[28.37502020769]}
{"prediction":[30.538711022187634]}
{"prediction":[30.289518472663445]}
