{"prediction":[30.658154863129425]}
{"prediction":[28.92455728006763]}
{"prediction":[28.454422464784614]}
{"prediction":[31.351486119149378]}
