{"prediction":[29.592936919485325]}
{"prediction":[28.283109637408685]}
{"prediction":[29.229724784715813]}
{"prediction":[29.882994355956356]}
