{"prediction":[30.8664822379639]}
{"prediction":[27.027726794554468]}
{"prediction":[29.96630113476114]}
{"prediction":[30.65801230520617]}
