{"prediction":[28.98306818528387]}
{"prediction":[28.37502020769]}
{"prediction":[30.538711022187634]}
{"prediction":[30.289518472663445]}
{"prediction":[30.8664822379639]}
{"prediction":[27.027726794554468]}
{"prediction":[29.96630113476114]}
{"prediction":[30.65801230520617]}
{"prediction":[29.592936919485325]}
{"prediction":[28.283109637408685]}
{"prediction":[29.229724784715813]}
{"prediction":[29.882994355956356]}
{"prediction":[30.658154863129425]}
{"prediction":[28.92455728006763]}
{"prediction":[28.454422464784614]}
