{"prediction":[32.26508148334199]}
{"prediction":[30.723530276964624]}
{"prediction":[27.85730600410831]}
{"prediction":[36.23615023048302]}
{"prediction":[29.730189586152846]}
{"prediction":[28.594441350538006]}
{"prediction":[29.95537340512857]}
{"prediction":[31.22486777028496]}
{"prediction":[30.33809718007521]}
{"prediction":[30.122324269272127]}
{"prediction":[29.495479090113093]}
{"prediction":[31.503511134235907]}
{"prediction":[31.58887628935895]}
{"prediction":[32.59324481088572]}
{"prediction":[29.703514936073645]}
