{"prediction":[31.351486119149378]}
{"prediction":[34.528669967360884]}
{"prediction":[29.637680674427486]}
{"prediction":[29.39868656807323]}
{"prediction":[30.55231145341378]}
{"prediction":[29.224508880651705]}
{"prediction":[28.673173191711896]}
{"prediction":[28.75366800035006]}
{"prediction":[30.834846956525297]}
{"prediction":[30.200301911130737]}
{"prediction":[29.878647444846365]}
{"prediction":[36.42383892216981]}
{"prediction":[56.17158793486196]}
{"prediction":[28.533666722461582]}
{"prediction":[32.45390399785157]}
