{"prediction":[27.608421940072674]}
{"prediction":[29.960220356893387]}
{"prediction":[31.501850042422305]}
{"prediction":[29.91446044753573]}
{"prediction":[29.0474299924785]}
{"prediction":[29.56546549822491]}
{"prediction":[29.40303076742748]}
{"prediction":[31.167105318382188]}
{"prediction":[30.573742927262572]}
{"prediction":[32.54381846190199]}
{"prediction":[30.84951865955344]}
{"prediction":[30.590654341038523]}
{"prediction":[31.15925147813192]}
{"prediction":[31.465982529899065]}
{"prediction":[28.79247761446151]}
