{"prediction":[30.200301911130737]}
{"prediction":[29.878647444846365]}
{"prediction":[36.42383892216981]}
{"prediction":[56.17158793486196]}
{"prediction":[28.533666722461582]}
{"prediction":[32.45390399785157]}
{"prediction":[27.608421940072674]}
{"prediction":[29.960220356893387]}
{"prediction":[31.501850042422305]}
{"prediction":[29.91446044753573]}
{"prediction":[29.0474299924785]}
{"prediction":[29.56546549822491]}
