{"prediction":[29.40303076742748]}
{"prediction":[31.167105318382188]}
{"prediction":[30.573742927262572]}
{"prediction":[32.54381846190199]}
{"prediction":[30.84951865955344]}
{"prediction":[30.590654341038523]}
{"prediction":[31.15925147813192]}
{"prediction":[31.465982529899065]}
{"prediction":[28.79247761446151]}
{"prediction":[32.26508148334199]}
{"prediction":[30.723530276964624]}
{"prediction":[27.85730600410831]}
