{"prediction":[30.658154863129425]}
{"prediction":[28.92455728006763]}
{"prediction":[28.454422464784614]}
{"prediction":[31.351486119149378]}
{"prediction":[34.528669967360884]}
{"prediction":[29.637680674427486]}
{"prediction":[29.39868656807323]}
{"prediction":[30.55231145341378]}
{"prediction":[29.224508880651705]}
{"prediction":[28.673173191711896]}
{"prediction":[28.75366800035006]}
{"prediction":[30.834846956525297]}
